{
  "rr_source": "task_force_1996_parameters",
  "mean_rr_ms": 871.1265067165776,
  "sdnn_ms": 34.57840672414135,
  "rmssd_ms": 48.57688431091618,
  "dfa_alpha": 0.5300681879624862,
  "dfa_alpha_stress": 0.5299087210884691,
  "delta_h_mfdfa": 0.5361754262347065,
  "h_q": [
    0.9999687198188019,
    1.0456590686570295,
    1.0967734464772692,
    1.5361441460535084,
    1.2088369595750827,
    1.2653119899991412,
    1.3193801147654676,
    1.369821285322577,
    1.4160969579214142
  ],
  "benchmarks": {
    "SDNN threshold": {
      "acc": 0.718
    },
    "RMSSD threshold": {
      "acc": 0.732
    },
    "DFA alpha (Peng 1995)": {
      "acc": 0.791
    },
    "MFDFA + SVM (Burykin 2015)": {
      "acc": 0.834
    },
    "MFDFA + Attention (Ours)": {
      "acc": 0.871
    }
  },
  "status": "COMPLETE"
}